"Guid","SBQQ__AdditionalDiscountAmount__c","SBQQ__AdditionalQuantity__c","SBQQ__AllowAssetRefund__c","SBQQ__BatchQuantity__c","SBQQ__BillingFrequency__c","SBQQ__BillingType__c","SBQQ__BlockPrice__c","SBQQ__Bundle__c","SBQQ__BundledQuantity__c","SBQQ__Bundled__c","SBQQ__CarryoverLine__c","SBQQ__ChargeType__c","SBQQ__ComponentCost__c","SBQQ__ComponentDiscountedByPackage__c","SBQQ__ComponentListTotal__c","SBQQ__ComponentSubscriptionScope__c","SBQQ__ComponentTotal__c","SBQQ__ComponentUpliftedByPackage__c","SBQQ__CompoundDiscountRate__c","SBQQ__ConfigurationRequired__c","SBQQ__CostEditable__c","SBQQ__CustomerPrice__c","SBQQ__DefaultSubscriptionTerm__c","SBQQ__Description__c","SBQQ__DiscountScheduleType__c","SBQQ__DiscountSchedule__c","SBQQ__DiscountTier__c","SBQQ__Discount__c","SBQQ__DistributorDiscount__c","SBQQ__DynamicOptionId__c","SBQQ__EarliestValidAmendmentStartDate__c","SBQQ__EndDate__c","SBQQ__Existing__c","SBQQ__Favorite__c","SBQQ__GenerateContractedPrice__c","SBQQ__GrossProfit__c","SBQQ__Group__c","SBQQ__Guidance__c","SBQQ__HasConsumptionSchedule__c","SBQQ__Hidden__c","SBQQ__Incomplete__c","SBQQ__ListPrice__c","SBQQ__MarkupAmount__c","SBQQ__MarkupRate__c","SBQQ__MaximumPrice__c","SBQQ__MinimumPrice__c","SBQQ__NetPrice__c","SBQQ__NonDiscountable__c","SBQQ__NonPartnerDiscountable__c","SBQQ__Number__c","SBQQ__OptionDiscountAmount__c","SBQQ__OptionDiscount__c","SBQQ__OptionLevel__c","SBQQ__OptionType__c","SBQQ__Optional__c","SBQQ__OriginalPrice__c","SBQQ__OriginalQuoteLineId__c","SBQQ__OriginalUnitCost__c","SBQQ__PackageProductCode__c","SBQQ__PackageProductDescription__c","SBQQ__PartnerDiscount__c","SBQQ__PartnerPrice__c","SBQQ__PreviousSegmentPrice__c","SBQQ__PreviousSegmentUplift__c","SBQQ__PriceEditable__c","SBQQ__PricebookEntryId__c","SBQQ__PricingMethodEditable__c","SBQQ__PricingMethod__c","SBQQ__PriorQuantity__c","SBQQ__ProductOption__c","SBQQ__ProductSubscriptionType__c","SBQQ__ProrateMultiplier__c","SBQQ__ProratedListPrice__c","SBQQ__ProratedPrice__c","SBQQ__Quantity__c","SBQQ__Quote__c","SBQQ__RegularPrice__c","SBQQ__Renewal__c","SBQQ__RenewedAsset__c","SBQQ__RenewedSubscription__c","SBQQ__RequiredBy__c","SBQQ__SegmentIndex__c","SBQQ__SegmentKey__c","SBQQ__SegmentLabel__c","SBQQ__Source__c","SBQQ__SpecialPriceDescription__c","SBQQ__SpecialPriceType__c","SBQQ__SpecialPrice__c","SBQQ__StartDate__c","SBQQ__SubscribedAssetIds__c","SBQQ__SubscriptionBase__c","SBQQ__SubscriptionCategory__c","SBQQ__SubscriptionPercent__c","SBQQ__SubscriptionPricing__c","SBQQ__SubscriptionScope__c","SBQQ__SubscriptionTargetPrice__c","SBQQ__SubscriptionTerm__c","SBQQ__SubscriptionType__c","SBQQ__TaxCode__c","SBQQ__Taxable__c","SBQQ__TermDiscountSchedule__c","SBQQ__TermDiscountTier__c","SBQQ__TermDiscount__c","SBQQ__UnitCost__c","SBQQ__UnproratedNetPrice__c","SBQQ__UpgradedAsset__c","SBQQ__UpgradedQuantity__c","SBQQ__UpgradedSubscription__c","SBQQ__UpliftAmount__c","SBQQ__Uplift__c","SBQQ__VolumeDiscount__c"
022f60d8-cfdc-499a-a977-abe5f519bdbd,"#N/A","#N/A",false,"#N/A","#N/A","#N/A","#N/A",false,1.0,false,false,"#N/A","#N/A",false,"#N/A","#N/A","#N/A",false,"#N/A",false,false,39.35,"#N/A",10 Gallon Bag in Box Syrup- One time,"#N/A","#N/A","#N/A","#N/A","#N/A",a2sDn0000009OObIAM,"#N/A","#N/A",false,"#N/A","#N/A","#N/A","#N/A","#N/A",false,false,false,39.35,"#N/A","#N/A","#N/A","#N/A",39.35,false,false,2.0,"#N/A","#N/A",1.0,Component,false,39.35,"#N/A","#N/A","#N/A","#N/A","#N/A",39.35,"#N/A","#N/A",false,01uDn000003Gg4fIAC,false,List,"#N/A",c98dc02b-6c46-4569-b50d-74501ea4a2be,One-time,1.0,39.35,39.35,1.0,28c4c44f-cd25-4977-bddf-3d5f0554c3c4,39.35,false,"#N/A","#N/A",929e3833-8abe-492b-9659-b57318248e5c,"#N/A","#N/A","#N/A","#N/A","#N/A","#N/A",39.35,"#N/A","#N/A",List,"#N/A","#N/A","#N/A",Quote,"#N/A","#N/A",One-time,"#N/A",false,"#N/A","#N/A","#N/A","#N/A","#N/A","#N/A","#N/A","#N/A",0.0,0.0,"#N/A"
032674ba-ccdf-4489-ace9-da0a5460504e,"#N/A","#N/A",false,"#N/A","#N/A","#N/A","#N/A",false,1.0,false,false,"#N/A","#N/A",false,"#N/A","#N/A","#N/A",false,"#N/A",false,false,3189.0,"#N/A",10 Flomatic valves to dispense an assortment of beverages. <br>Ice dispenser holds 200lb of ice.,"#N/A","#N/A","#N/A","#N/A","#N/A",a2sDn0000009OOgIAM,"#N/A","#N/A",false,"#N/A","#N/A","#N/A","#N/A","#N/A",false,false,false,3189.0,"#N/A","#N/A","#N/A","#N/A",3189.0,false,false,6.0,"#N/A","#N/A",1.0,Component,false,3189.0,"#N/A","#N/A","#N/A","#N/A","#N/A",3189.0,"#N/A","#N/A",false,01uDn000003Gg3oIAC,false,List,"#N/A",18a6514a-a9cf-4906-961e-051974da3fa6,One-time,1.0,3189.0,3189.0,1.0,d8b75ee7-21db-4aff-b629-d24bcdb6f695,3189.0,false,"#N/A","#N/A",13b7684c-a298-484d-a7a1-dfe15a8cd756,"#N/A","#N/A","#N/A","#N/A","#N/A","#N/A",3189.0,"#N/A","#N/A",List,"#N/A","#N/A","#N/A",Quote,"#N/A","#N/A",One-time,"#N/A",false,"#N/A","#N/A","#N/A","#N/A","#N/A","#N/A","#N/A","#N/A",0.0,0.0,"#N/A"
063dc3c1-6e96-4621-aa60-d6a539999207,"#N/A","#N/A",false,"#N/A","#N/A","#N/A","#N/A",false,1.0,false,false,"#N/A","#N/A",false,"#N/A","#N/A","#N/A",false,"#N/A",false,false,103.21,1.0,8 24-count Boxes of our best selling blends.- Recurring,"#N/A","#N/A","#N/A","#N/A","#N/A",a2sDn0000009OOcIAM,"#N/A","#N/A",false,"#N/A","#N/A","#N/A","#N/A","#N/A",false,false,false,103.21,"#N/A","#N/A","#N/A","#N/A",103.21,false,false,3.0,"#N/A","#N/A",1.0,Component,false,103.21,"#N/A","#N/A","#N/A","#N/A","#N/A",103.21,"#N/A","#N/A",false,01uDn000003Gg4QIAS,false,List,"#N/A",13b93d0d-9a7e-4c54-b5cb-f63625528485,Renewable,1.0,103.21,103.21,1.0,addc95de-486f-44ad-bf7f-0abe3f5849b9,103.21,false,"#N/A","#N/A",ffc19779-40a2-4d3a-b22e-c418f42e41d4,"#N/A","#N/A","#N/A","#N/A","#N/A","#N/A",103.21,"#N/A","#N/A",List,"#N/A","#N/A",Fixed Price,Quote,"#N/A","#N/A",Renewable,"#N/A",false,"#N/A","#N/A","#N/A","#N/A","#N/A","#N/A","#N/A","#N/A",0.0,0.0,"#N/A"
0a3b9efa-f860-4531-8295-ef3c77580978,"#N/A","#N/A",false,"#N/A","#N/A","#N/A","#N/A",false,1.0,false,false,"#N/A","#N/A",false,"#N/A","#N/A","#N/A",false,"#N/A",false,false,12.74,1.0,1 24-count Box of K-Cups Pods- Recurring,"#N/A","#N/A","#N/A","#N/A","#N/A",a2sDn0000009OOcIAM,"#N/A","#N/A",false,"#N/A","#N/A","#N/A","#N/A","#N/A",false,false,false,12.74,"#N/A","#N/A","#N/A","#N/A",12.74,false,false,5.0,"#N/A","#N/A",1.0,Component,false,12.74,"#N/A","#N/A","#N/A","#N/A","#N/A",12.74,"#N/A","#N/A",false,01uDn000003Gg4UIAS,false,List,"#N/A",4f5ba1a8-ddae-4325-b3b2-5277e258cf33,Renewable,1.0,12.74,12.74,1.0,addc95de-486f-44ad-bf7f-0abe3f5849b9,12.74,false,"#N/A","#N/A",ffc19779-40a2-4d3a-b22e-c418f42e41d4,"#N/A","#N/A","#N/A","#N/A","#N/A","#N/A",12.74,"#N/A","#N/A",List,"#N/A","#N/A",Fixed Price,Quote,"#N/A","#N/A",Renewable,"#N/A",false,"#N/A","#N/A","#N/A","#N/A","#N/A","#N/A","#N/A","#N/A",0.0,0.0,"#N/A"
0d5f0c58-8fa1-4bea-8e9a-e11094dbc535,"#N/A","#N/A",false,"#N/A","#N/A","#N/A","#N/A",true,"#N/A",false,false,"#N/A",0.0,false,3772.69,"#N/A",3662.26,false,"#N/A",false,false,0.0,"#N/A","#N/A","#N/A","#N/A","#N/A","#N/A","#N/A","#N/A","#N/A","#N/A",false,"#N/A","#N/A","#N/A","#N/A","#N/A",false,false,false,0.0,"#N/A","#N/A","#N/A","#N/A",0.0,false,false,1.0,"#N/A","#N/A","#N/A","#N/A",false,0.0,"#N/A","#N/A","#N/A","#N/A","#N/A",0.0,"#N/A","#N/A",false,01uDn000003Gg3jIAC,false,List,"#N/A","#N/A",One-time,1.0,0.0,0.0,1.0,425620f7-9270-4b00-978f-26bc5939905a,0.0,false,"#N/A","#N/A","#N/A","#N/A","#N/A","#N/A","#N/A","#N/A","#N/A",0.0,"#N/A","#N/A",List,"#N/A","#N/A","#N/A",Quote,"#N/A","#N/A",One-time,"#N/A",false,"#N/A","#N/A","#N/A","#N/A","#N/A","#N/A","#N/A","#N/A",0.0,0.0,"#N/A"
0d7b690a-9053-45ba-b056-fac5a5278a4c,"#N/A","#N/A",false,"#N/A","#N/A","#N/A","#N/A",false,1.0,false,false,"#N/A","#N/A",false,"#N/A","#N/A","#N/A",false,"#N/A",false,false,150.0,1.0,Regular cleaning &amp; preventative maintenance to keep your equipment operating optimally.- Recurring,"#N/A","#N/A","#N/A","#N/A","#N/A",a2sDn0000009OOdIAM,"#N/A","#N/A",false,"#N/A","#N/A","#N/A","#N/A","#N/A",false,false,false,150.0,"#N/A","#N/A","#N/A","#N/A",150.0,false,false,10.0,"#N/A","#N/A",1.0,Component,false,150.0,"#N/A","#N/A","#N/A","#N/A","#N/A",150.0,"#N/A","#N/A",false,01uDn000003Gg3nIAC,false,List,"#N/A",04a36532-85e8-43ec-8a30-294441cc433b,Renewable,1.0,150.0,150.0,1.0,d8b75ee7-21db-4aff-b629-d24bcdb6f695,150.0,false,"#N/A","#N/A",b5afc527-f4c0-4736-81cc-c2c1b3576eb1,"#N/A","#N/A","#N/A","#N/A","#N/A","#N/A",150.0,"#N/A","#N/A",List,"#N/A","#N/A",Fixed Price,Quote,"#N/A","#N/A",Renewable,"#N/A",false,"#N/A","#N/A","#N/A","#N/A","#N/A","#N/A","#N/A","#N/A",0.0,0.0,"#N/A"
107c795f-d050-4e6d-bc77-5fcde55d8fc1,"#N/A","#N/A",false,"#N/A","#N/A","#N/A","#N/A",false,1.0,false,false,"#N/A","#N/A",false,"#N/A","#N/A","#N/A",false,"#N/A",false,false,449.0,"#N/A",A high capacity coffee maker designed for continuous use with direct water line plumbing.,"#N/A","#N/A","#N/A","#N/A","#N/A",a2sDn0000009OOfIAM,"#N/A","#N/A",false,"#N/A","#N/A","#N/A","#N/A","#N/A",false,false,false,449.0,"#N/A","#N/A","#N/A","#N/A",449.0,false,false,7.0,"#N/A","#N/A",1.0,Component,false,449.0,"#N/A","#N/A","#N/A","#N/A","#N/A",449.0,"#N/A","#N/A",false,01uDn000003Gg4bIAC,false,List,"#N/A",43f28f4b-fe58-4258-b640-e2d3bf8d72b4,One-time,1.0,449.0,449.0,1.0,06c3b1fe-245d-427c-95cf-19835af3bed6,449.0,false,"#N/A","#N/A",e374d887-dc2c-44a6-be07-da2a95829d8c,"#N/A","#N/A","#N/A","#N/A","#N/A","#N/A",449.0,"#N/A","#N/A",List,"#N/A","#N/A","#N/A",Quote,"#N/A","#N/A",One-time,"#N/A",false,"#N/A","#N/A","#N/A","#N/A","#N/A","#N/A","#N/A","#N/A",0.0,0.0,"#N/A"
11799b51-1cc1-4c21-9492-3d559b92e107,"#N/A","#N/A",false,"#N/A","#N/A","#N/A","#N/A",false,1.0,false,false,"#N/A","#N/A",false,"#N/A","#N/A","#N/A",false,"#N/A",false,false,33.45,1.0,11 Gallon Bag in Box Syrup- Recurring,"#N/A","#N/A","#N/A","#N/A","#N/A",a2sDn0000009OObIAM,"#N/A","#N/A",false,"#N/A","#N/A","#N/A","#N/A","#N/A",false,false,false,33.45,"#N/A","#N/A","#N/A","#N/A",33.45,false,false,4.0,"#N/A","#N/A",1.0,Component,false,33.45,"#N/A","#N/A","#N/A","#N/A","#N/A",33.45,"#N/A","#N/A",false,01uDn000003Gg3mIAC,false,List,"#N/A",312247f3-9950-4fad-98a4-8299743431b1,Renewable,1.0,33.45,33.45,1.0,d8b75ee7-21db-4aff-b629-d24bcdb6f695,33.45,false,"#N/A","#N/A",13b7684c-a298-484d-a7a1-dfe15a8cd756,"#N/A","#N/A","#N/A","#N/A","#N/A","#N/A",33.45,"#N/A","#N/A",List,"#N/A","#N/A",Fixed Price,Quote,"#N/A","#N/A",Renewable,"#N/A",false,"#N/A","#N/A","#N/A","#N/A","#N/A","#N/A","#N/A","#N/A",0.0,0.0,"#N/A"
133575a9-d053-44ba-b48d-1104e261ab42,"#N/A","#N/A",false,"#N/A","#N/A","#N/A","#N/A",false,1.0,false,false,"#N/A","#N/A",false,"#N/A","#N/A","#N/A",false,"#N/A",false,false,14.24,"#N/A",1 24-count Box of K-Cups Pods- One time,"#N/A","#N/A","#N/A",5.0,"#N/A",a2sDn0000009OOcIAM,"#N/A","#N/A",false,"#N/A","#N/A","#N/A","#N/A","#N/A",false,false,false,14.99,"#N/A","#N/A","#N/A","#N/A",14.24,false,false,5.0,"#N/A","#N/A",1.0,Component,false,14.99,"#N/A","#N/A","#N/A","#N/A","#N/A",14.24,"#N/A","#N/A",false,01uDn000003Gg4jIAC,false,List,"#N/A",54a37764-3632-4d34-8b21-3f9371864612,One-time,1.0,14.99,14.99,1.0,06c3b1fe-245d-427c-95cf-19835af3bed6,14.99,false,"#N/A","#N/A",e374d887-dc2c-44a6-be07-da2a95829d8c,"#N/A","#N/A","#N/A","#N/A","#N/A","#N/A",14.99,"#N/A","#N/A",List,"#N/A","#N/A","#N/A",Quote,"#N/A","#N/A",One-time,"#N/A",false,"#N/A","#N/A","#N/A","#N/A","#N/A","#N/A","#N/A","#N/A",0.0,0.0,"#N/A"
13b7684c-a298-484d-a7a1-dfe15a8cd756,"#N/A","#N/A",false,"#N/A","#N/A","#N/A","#N/A",true,"#N/A",false,false,"#N/A",0.0,false,3439.35,"#N/A",3406.01,false,"#N/A",false,false,0.0,"#N/A","#N/A","#N/A","#N/A","#N/A","#N/A","#N/A","#N/A","#N/A","#N/A",false,"#N/A","#N/A","#N/A","#N/A","#N/A",false,false,false,0.0,"#N/A","#N/A","#N/A","#N/A",0.0,false,false,1.0,"#N/A","#N/A","#N/A","#N/A",false,0.0,"#N/A","#N/A","#N/A","#N/A","#N/A",0.0,"#N/A","#N/A",false,01uDn000003Gg3jIAC,false,List,"#N/A","#N/A",One-time,1.0,0.0,0.0,1.0,d8b75ee7-21db-4aff-b629-d24bcdb6f695,0.0,false,"#N/A","#N/A","#N/A","#N/A","#N/A","#N/A","#N/A","#N/A","#N/A",0.0,"#N/A","#N/A",List,"#N/A","#N/A","#N/A",Quote,"#N/A","#N/A",One-time,"#N/A",false,"#N/A","#N/A","#N/A","#N/A","#N/A","#N/A","#N/A","#N/A",0.0,0.0,"#N/A"
1eaf7f22-eac8-454f-b05f-de8b24cdf907,"#N/A","#N/A",false,"#N/A","#N/A","#N/A","#N/A",false,1.0,false,false,"#N/A","#N/A",false,"#N/A","#N/A","#N/A",false,"#N/A",false,false,39.35,"#N/A",5 Gallon Bag in Box Syrup- One time,"#N/A","#N/A","#N/A","#N/A","#N/A",a2sDn0000009OObIAM,"#N/A","#N/A",false,"#N/A","#N/A","#N/A","#N/A","#N/A",false,false,false,39.35,"#N/A","#N/A","#N/A","#N/A",39.35,false,false,7.0,"#N/A","#N/A",1.0,Component,false,39.35,"#N/A","#N/A","#N/A","#N/A","#N/A",39.35,"#N/A","#N/A",false,01uDn000003Gg4JIAS,false,List,"#N/A",7385e2bb-1d47-4fc5-b4c8-f58c7e56e7c6,One-time,1.0,39.35,39.35,1.0,28c4c44f-cd25-4977-bddf-3d5f0554c3c4,39.35,false,"#N/A","#N/A",929e3833-8abe-492b-9659-b57318248e5c,"#N/A","#N/A","#N/A","#N/A","#N/A","#N/A",39.35,"#N/A","#N/A",List,"#N/A","#N/A","#N/A",Quote,"#N/A","#N/A",One-time,"#N/A",false,"#N/A","#N/A","#N/A","#N/A","#N/A","#N/A","#N/A","#N/A",0.0,0.0,"#N/A"
2268eff7-82ec-4d9c-9eff-522e5afba800,"#N/A","#N/A",false,"#N/A","#N/A","#N/A","#N/A",false,1.0,false,false,"#N/A","#N/A",false,"#N/A","#N/A","#N/A",false,"#N/A",false,false,35.42,"#N/A",10 Gallon Bag in Box Syrup- One time,"#N/A","#N/A","#N/A",10.0,"#N/A",a2sDn0000009OObIAM,"#N/A","#N/A",false,"#N/A","#N/A","#N/A","#N/A","#N/A",false,false,false,39.35,"#N/A","#N/A","#N/A","#N/A",35.42,false,false,2.0,"#N/A","#N/A",1.0,Component,false,39.35,"#N/A","#N/A","#N/A","#N/A","#N/A",35.42,"#N/A","#N/A",false,01uDn000003Gg4fIAC,false,List,"#N/A",c98dc02b-6c46-4569-b50d-74501ea4a2be,One-time,1.0,39.35,39.35,1.0,425620f7-9270-4b00-978f-26bc5939905a,39.35,false,"#N/A","#N/A",0d5f0c58-8fa1-4bea-8e9a-e11094dbc535,"#N/A","#N/A","#N/A","#N/A","#N/A","#N/A",39.35,"#N/A","#N/A",List,"#N/A","#N/A","#N/A",Quote,"#N/A","#N/A",One-time,"#N/A",false,"#N/A","#N/A","#N/A","#N/A","#N/A","#N/A","#N/A","#N/A",0.0,0.0,"#N/A"
26fb3d0e-2598-41bf-aa7f-694bea5a4fa2,"#N/A","#N/A",false,"#N/A","#N/A","#N/A","#N/A",false,1.0,false,false,"#N/A","#N/A",false,"#N/A","#N/A","#N/A",false,"#N/A",false,false,14.24,"#N/A",1 24-count Box of K-Cups Pods- One time,"#N/A","#N/A","#N/A",5.0,"#N/A",a2sDn0000009OOcIAM,"#N/A","#N/A",false,"#N/A","#N/A","#N/A","#N/A","#N/A",false,false,false,14.99,"#N/A","#N/A","#N/A","#N/A",14.24,false,false,4.0,"#N/A","#N/A",1.0,Component,false,14.99,"#N/A","#N/A","#N/A","#N/A","#N/A",14.24,"#N/A","#N/A",false,01uDn000003Gg4kIAC,false,List,"#N/A",4abd6c8a-a427-4290-b691-8e8011e60359,One-time,1.0,14.99,14.99,1.0,06c3b1fe-245d-427c-95cf-19835af3bed6,14.99,false,"#N/A","#N/A",e374d887-dc2c-44a6-be07-da2a95829d8c,"#N/A","#N/A","#N/A","#N/A","#N/A","#N/A",14.99,"#N/A","#N/A",List,"#N/A","#N/A","#N/A",Quote,"#N/A","#N/A",One-time,"#N/A",false,"#N/A","#N/A","#N/A","#N/A","#N/A","#N/A","#N/A","#N/A",0.0,0.0,"#N/A"
27de9902-690d-433a-aad0-6b00258a41e5,"#N/A","#N/A",false,"#N/A","#N/A","#N/A","#N/A",false,1.0,false,false,"#N/A","#N/A",false,"#N/A","#N/A","#N/A",false,"#N/A",false,false,14.99,"#N/A",1 24-count Box of K-Cups Pods- One time,"#N/A","#N/A","#N/A","#N/A","#N/A",a2sDn0000009OOcIAM,"#N/A","#N/A",false,"#N/A","#N/A","#N/A","#N/A","#N/A",false,false,false,14.99,"#N/A","#N/A","#N/A","#N/A",14.99,false,false,5.0,"#N/A","#N/A",1.0,Component,false,14.99,"#N/A","#N/A","#N/A","#N/A","#N/A",14.99,"#N/A","#N/A",false,01uDn000003Gg4jIAC,false,List,"#N/A",6fcb0b9d-a111-41ff-afb1-1fccd14f6c1a,One-time,1.0,14.99,14.99,1.0,69d6cf55-5194-40b6-a565-6a00ca2f72cf,14.99,false,"#N/A","#N/A",92afa23f-1d39-43d8-9b3e-83bad764a7c3,"#N/A","#N/A","#N/A","#N/A","#N/A","#N/A",14.99,"#N/A","#N/A",List,"#N/A","#N/A","#N/A",Quote,"#N/A","#N/A",One-time,"#N/A",false,"#N/A","#N/A","#N/A","#N/A","#N/A","#N/A","#N/A","#N/A",0.0,0.0,"#N/A"
2eff0e10-5a0c-45c9-8e91-4581903487da,"#N/A","#N/A",false,"#N/A","#N/A","#N/A","#N/A",false,1.0,false,false,"#N/A","#N/A",false,"#N/A","#N/A","#N/A",false,"#N/A",false,false,354.99,"#N/A","Forces CO2 into water to create carbonation for sodas<br>No need to turn off CO2 or water to service; maintain electronics without depressurizing the tank<br>115V, 1/3 hp, 1725 RPM motor","#N/A","#N/A","#N/A","#N/A","#N/A",a2sDn0000009OOgIAM,"#N/A","#N/A",false,"#N/A","#N/A","#N/A","#N/A","#N/A",false,false,false,354.99,"#N/A","#N/A","#N/A","#N/A",354.99,false,false,8.0,"#N/A","#N/A",1.0,Component,false,354.99,"#N/A","#N/A","#N/A","#N/A","#N/A",354.99,"#N/A","#N/A",false,01uDn000003Gg4XIAS,false,List,"#N/A",d8908f58-1d7f-4cd1-8bdc-e09368f43235,One-time,1.0,354.99,354.99,1.0,594d6186-6194-4a2e-a03f-94f3cb770449,354.99,false,"#N/A","#N/A",66af1e18-229f-4b5c-9f04-dc50672fb9dd,"#N/A","#N/A","#N/A","#N/A","#N/A","#N/A",354.99,"#N/A","#N/A",List,"#N/A","#N/A","#N/A",Quote,"#N/A","#N/A",One-time,"#N/A",false,"#N/A","#N/A","#N/A","#N/A","#N/A","#N/A","#N/A","#N/A",0.0,0.0,"#N/A"
322ddc1d-0623-48da-beb2-15e4edf676ad,"#N/A","#N/A",false,"#N/A","#N/A","#N/A","#N/A",false,1.0,false,false,"#N/A","#N/A",false,"#N/A","#N/A","#N/A",false,"#N/A",false,false,80.96,1.0,"K-Cycle™ bins are bundled in packs of five (5), for offices that brew 24 K-Cup® pods or more a day - 450 K-Cup® pods per bin. Single bins are not available.- Recurring<br> <br>EACH BIN INCLUDES<br>1. Pre-paid UPS return label affixed to bin<br>2. Pre-affixed bag and zip tie seal for brewed K-Cup® pod collection","#N/A","#N/A","#N/A",10.0,"#N/A",a2sDn0000009OOeIAM,"#N/A","#N/A",false,"#N/A","#N/A","#N/A","#N/A","#N/A",false,false,false,89.96,"#N/A","#N/A","#N/A","#N/A",80.96,false,false,6.0,"#N/A","#N/A",1.0,Component,false,89.96,"#N/A","#N/A","#N/A","#N/A","#N/A",80.96,"#N/A","#N/A",false,01uDn000003Gg4KIAS,false,List,"#N/A",440efdbe-55f1-451e-a1d5-cbc2e608ae59,Renewable,1.0,89.96,89.96,1.0,69d6cf55-5194-40b6-a565-6a00ca2f72cf,89.96,false,"#N/A","#N/A",92afa23f-1d39-43d8-9b3e-83bad764a7c3,"#N/A","#N/A","#N/A","#N/A","#N/A","#N/A",89.96,"#N/A","#N/A",List,"#N/A","#N/A",Fixed Price,Quote,"#N/A","#N/A",Renewable,"#N/A",false,"#N/A","#N/A","#N/A","#N/A","#N/A","#N/A","#N/A","#N/A",0.0,0.0,"#N/A"
37d81940-8dd5-488b-9af4-81e554c22e13,"#N/A","#N/A",false,"#N/A","#N/A","#N/A","#N/A",false,1.0,false,false,"#N/A","#N/A",false,"#N/A","#N/A","#N/A",false,"#N/A",false,false,33.45,1.0,7 Gallon Bag in Box Syrup- Recurring,"#N/A","#N/A","#N/A","#N/A","#N/A",a2sDn0000009OObIAM,"#N/A","#N/A",false,"#N/A","#N/A","#N/A","#N/A","#N/A",false,false,false,33.45,"#N/A","#N/A","#N/A","#N/A",33.45,false,false,5.0,"#N/A","#N/A",1.0,Component,false,33.45,"#N/A","#N/A","#N/A","#N/A","#N/A",33.45,"#N/A","#N/A",false,01uDn000003Gg4NIAS,false,List,"#N/A",177f6011-0eee-4877-9826-a17e6b6709d2,Renewable,1.0,33.45,33.45,1.0,28c4c44f-cd25-4977-bddf-3d5f0554c3c4,33.45,false,"#N/A","#N/A",929e3833-8abe-492b-9659-b57318248e5c,"#N/A","#N/A","#N/A","#N/A","#N/A","#N/A",33.45,"#N/A","#N/A",List,"#N/A","#N/A",Fixed Price,Quote,"#N/A","#N/A",Renewable,"#N/A",false,"#N/A","#N/A","#N/A","#N/A","#N/A","#N/A","#N/A","#N/A",0.0,0.0,"#N/A"
3d311e2b-375d-42c9-9607-559f75850ccd,"#N/A","#N/A",false,"#N/A","#N/A","#N/A","#N/A",false,1.0,false,false,"#N/A","#N/A",false,"#N/A","#N/A","#N/A",false,"#N/A",false,false,3189.0,"#N/A",10 Flomatic valves to dispense an assortment of beverages. <br>Ice dispenser holds 200lb of ice.,"#N/A","#N/A","#N/A","#N/A","#N/A",a2sDn0000009OOgIAM,"#N/A","#N/A",false,"#N/A","#N/A","#N/A","#N/A","#N/A",false,false,false,3189.0,"#N/A","#N/A","#N/A","#N/A",3189.0,false,false,6.0,"#N/A","#N/A",1.0,Component,false,3189.0,"#N/A","#N/A","#N/A","#N/A","#N/A",3189.0,"#N/A","#N/A",false,01uDn000003Gg3oIAC,false,List,"#N/A",18a6514a-a9cf-4906-961e-051974da3fa6,One-time,1.0,3189.0,3189.0,1.0,425620f7-9270-4b00-978f-26bc5939905a,3189.0,false,"#N/A","#N/A",0d5f0c58-8fa1-4bea-8e9a-e11094dbc535,"#N/A","#N/A","#N/A","#N/A","#N/A","#N/A",3189.0,"#N/A","#N/A",List,"#N/A","#N/A","#N/A",Quote,"#N/A","#N/A",One-time,"#N/A",false,"#N/A","#N/A","#N/A","#N/A","#N/A","#N/A","#N/A","#N/A",0.0,0.0,"#N/A"
3de16c97-5faf-4507-b778-3aa893bd7ebd,"#N/A","#N/A",false,"#N/A","#N/A","#N/A","#N/A",false,1.0,false,false,"#N/A","#N/A",false,"#N/A","#N/A","#N/A",false,"#N/A",false,false,3189.0,"#N/A",10 Flomatic valves to dispense an assortment of beverages. <br>Ice dispenser holds 200lb of ice.,"#N/A","#N/A","#N/A","#N/A","#N/A",a2sDn0000009OOgIAM,"#N/A","#N/A",false,"#N/A","#N/A","#N/A","#N/A","#N/A",false,false,false,3189.0,"#N/A","#N/A","#N/A","#N/A",3189.0,false,false,10.0,"#N/A","#N/A",1.0,Component,false,3189.0,"#N/A","#N/A","#N/A","#N/A","#N/A",3189.0,"#N/A","#N/A",false,01uDn000003Gg3oIAC,false,List,"#N/A",18a6514a-a9cf-4906-961e-051974da3fa6,One-time,1.0,3189.0,3189.0,1.0,28c4c44f-cd25-4977-bddf-3d5f0554c3c4,3189.0,false,"#N/A","#N/A",929e3833-8abe-492b-9659-b57318248e5c,"#N/A","#N/A","#N/A","#N/A","#N/A","#N/A",3189.0,"#N/A","#N/A",List,"#N/A","#N/A","#N/A",Quote,"#N/A","#N/A",One-time,"#N/A",false,"#N/A","#N/A","#N/A","#N/A","#N/A","#N/A","#N/A","#N/A",0.0,0.0,"#N/A"
4c445038-2173-4fb7-8643-dfecd0816b2d,"#N/A","#N/A",false,"#N/A","#N/A","#N/A","#N/A",false,1.0,false,false,"#N/A","#N/A",false,"#N/A","#N/A","#N/A",false,"#N/A",false,false,283.99,"#N/A","Forces CO2 into water to create carbonation for sodas<br>No need to turn off CO2 or water to service; maintain electronics without depressurizing the tank<br>115V, 1/3 hp, 1725 RPM motor","#N/A","#N/A","#N/A",20.0,"#N/A",a2sDn0000009OOgIAM,"#N/A","#N/A",false,"#N/A","#N/A","#N/A","#N/A","#N/A",false,false,false,354.99,"#N/A","#N/A","#N/A","#N/A",283.99,false,false,9.0,"#N/A","#N/A",1.0,Component,false,354.99,"#N/A","#N/A","#N/A","#N/A","#N/A",283.99,"#N/A","#N/A",false,01uDn000003Gg4XIAS,false,List,"#N/A",d8908f58-1d7f-4cd1-8bdc-e09368f43235,One-time,1.0,354.99,354.99,1.0,28c4c44f-cd25-4977-bddf-3d5f0554c3c4,354.99,false,"#N/A","#N/A",929e3833-8abe-492b-9659-b57318248e5c,"#N/A","#N/A","#N/A","#N/A","#N/A","#N/A",354.99,"#N/A","#N/A",List,"#N/A","#N/A","#N/A",Quote,"#N/A","#N/A",One-time,"#N/A",false,"#N/A","#N/A","#N/A","#N/A","#N/A","#N/A","#N/A","#N/A",0.0,0.0,"#N/A"
589fb0c1-5dae-445e-90e2-b08d323768b7,"#N/A","#N/A",false,"#N/A","#N/A","#N/A","#N/A",false,1.0,false,false,"#N/A","#N/A",false,"#N/A","#N/A","#N/A",false,"#N/A",false,false,33.45,1.0,7 Gallon Bag in Box Syrup- Recurring,"#N/A","#N/A","#N/A","#N/A","#N/A",a2sDn0000009OObIAM,"#N/A","#N/A",false,"#N/A","#N/A","#N/A","#N/A","#N/A",false,false,false,33.45,"#N/A","#N/A","#N/A","#N/A",33.45,false,false,3.0,"#N/A","#N/A",1.0,Component,false,33.45,"#N/A","#N/A","#N/A","#N/A","#N/A",33.45,"#N/A","#N/A",false,01uDn000003Gg4NIAS,false,List,"#N/A",177f6011-0eee-4877-9826-a17e6b6709d2,Renewable,1.0,33.45,33.45,1.0,594d6186-6194-4a2e-a03f-94f3cb770449,33.45,false,"#N/A","#N/A",66af1e18-229f-4b5c-9f04-dc50672fb9dd,"#N/A","#N/A","#N/A","#N/A","#N/A","#N/A",33.45,"#N/A","#N/A",List,"#N/A","#N/A",Fixed Price,Quote,"#N/A","#N/A",Renewable,"#N/A",false,"#N/A","#N/A","#N/A","#N/A","#N/A","#N/A","#N/A","#N/A",0.0,0.0,"#N/A"
5bcd1b43-2b09-47c3-ad85-bd2ab90ebf00,"#N/A","#N/A",false,"#N/A","#N/A","#N/A","#N/A",false,1.0,false,false,"#N/A","#N/A",false,"#N/A","#N/A","#N/A",false,"#N/A",false,false,14.24,"#N/A",1 24-count Box of K-Cups Pods- One time,"#N/A","#N/A","#N/A",5.0,"#N/A",a2sDn0000009OOcIAM,"#N/A","#N/A",false,"#N/A","#N/A","#N/A","#N/A","#N/A",false,false,false,14.99,"#N/A","#N/A","#N/A","#N/A",14.24,false,false,3.0,"#N/A","#N/A",1.0,Component,false,14.99,"#N/A","#N/A","#N/A","#N/A","#N/A",14.24,"#N/A","#N/A",false,01uDn000003Gg4mIAC,false,List,"#N/A",fcc55607-0a08-4825-8141-4ed2efaf0e7a,Renewable,1.0,14.99,14.99,1.0,06c3b1fe-245d-427c-95cf-19835af3bed6,14.99,false,"#N/A","#N/A",e374d887-dc2c-44a6-be07-da2a95829d8c,"#N/A","#N/A","#N/A","#N/A","#N/A","#N/A",14.99,"#N/A","#N/A",List,"#N/A","#N/A","#N/A",Quote,"#N/A","#N/A",Renewable,"#N/A",false,"#N/A","#N/A","#N/A","#N/A","#N/A","#N/A","#N/A","#N/A",0.0,0.0,"#N/A"
60cb6132-6a66-4ed4-95e6-fbf36d34b4e3,"#N/A","#N/A",false,"#N/A","#N/A","#N/A","#N/A",false,1.0,false,false,"#N/A","#N/A",false,"#N/A","#N/A","#N/A",false,"#N/A",false,false,39.35,"#N/A",6 Gallon Bag in Box Syrup- One time,"#N/A","#N/A","#N/A","#N/A","#N/A",a2sDn0000009OObIAM,"#N/A","#N/A",false,"#N/A","#N/A","#N/A","#N/A","#N/A",false,false,false,39.35,"#N/A","#N/A","#N/A","#N/A",39.35,false,false,4.0,"#N/A","#N/A",1.0,Component,false,39.35,"#N/A","#N/A","#N/A","#N/A","#N/A",39.35,"#N/A","#N/A",false,01uDn000003Gg4cIAC,false,List,"#N/A",bf020463-0c1f-4a06-bab1-670ccc77b826,One-time,1.0,39.35,39.35,1.0,28c4c44f-cd25-4977-bddf-3d5f0554c3c4,39.35,false,"#N/A","#N/A",929e3833-8abe-492b-9659-b57318248e5c,"#N/A","#N/A","#N/A","#N/A","#N/A","#N/A",39.35,"#N/A","#N/A",List,"#N/A","#N/A","#N/A",Quote,"#N/A","#N/A",One-time,"#N/A",false,"#N/A","#N/A","#N/A","#N/A","#N/A","#N/A","#N/A","#N/A",0.0,0.0,"#N/A"
6505daab-14b3-440e-9b66-4e9af94e8384,"#N/A","#N/A",false,"#N/A","#N/A","#N/A","#N/A",false,1.0,false,false,"#N/A","#N/A",false,"#N/A","#N/A","#N/A",false,"#N/A",false,false,399.0,"#N/A",Consists of 10 lines bundled together<br>Each line is 3/8&quot; in diameter<br>Roll contains 100&#39; of bundled tubing,"#N/A","#N/A","#N/A","#N/A","#N/A",a2sDn0000009OOgIAM,"#N/A","#N/A",false,"#N/A","#N/A","#N/A","#N/A","#N/A",false,false,false,399.0,"#N/A","#N/A","#N/A","#N/A",399.0,false,false,11.0,"#N/A","#N/A",1.0,Component,false,399.0,"#N/A","#N/A","#N/A","#N/A","#N/A",399.0,"#N/A","#N/A",false,01uDn000003Gg4YIAS,false,List,"#N/A",a2cb74e7-bcb4-4233-9a09-07e97767bb1c,One-time,1.0,399.0,399.0,1.0,28c4c44f-cd25-4977-bddf-3d5f0554c3c4,399.0,false,"#N/A","#N/A",929e3833-8abe-492b-9659-b57318248e5c,"#N/A","#N/A","#N/A","#N/A","#N/A","#N/A",399.0,"#N/A","#N/A",List,"#N/A","#N/A","#N/A",Quote,"#N/A","#N/A",One-time,"#N/A",false,"#N/A","#N/A","#N/A","#N/A","#N/A","#N/A","#N/A","#N/A",0.0,0.0,"#N/A"
6539bab4-9fc1-479a-9df9-2721a503a1b3,"#N/A","#N/A",false,"#N/A","#N/A","#N/A","#N/A",false,1.0,false,false,"#N/A","#N/A",false,"#N/A","#N/A","#N/A",false,"#N/A",false,false,150.0,1.0,Regular cleaning &amp; preventative maintenance to keep your equipment operating optimally.- Recurring,"#N/A","#N/A","#N/A","#N/A","#N/A",a2sDn0000009OOeIAM,"#N/A","#N/A",false,"#N/A","#N/A","#N/A","#N/A","#N/A",false,false,false,150.0,"#N/A","#N/A","#N/A","#N/A",150.0,false,false,7.0,"#N/A","#N/A",1.0,Component,false,150.0,"#N/A","#N/A","#N/A","#N/A","#N/A",150.0,"#N/A","#N/A",false,01uDn000003Gg3nIAC,false,List,"#N/A",f89b3ad1-a440-4d81-855e-361877ce330c,Renewable,1.0,150.0,150.0,1.0,addc95de-486f-44ad-bf7f-0abe3f5849b9,150.0,false,"#N/A","#N/A",ffc19779-40a2-4d3a-b22e-c418f42e41d4,"#N/A","#N/A","#N/A","#N/A","#N/A","#N/A",150.0,"#N/A","#N/A",List,"#N/A","#N/A",Fixed Price,Quote,"#N/A","#N/A",Renewable,"#N/A",false,"#N/A","#N/A","#N/A","#N/A","#N/A","#N/A","#N/A","#N/A",0.0,0.0,"#N/A"
66af1e18-229f-4b5c-9f04-dc50672fb9dd,"#N/A","#N/A",false,"#N/A","#N/A","#N/A","#N/A",true,"#N/A",false,false,"#N/A",0.0,false,3867.1400000000003,"#N/A",3862.12,false,"#N/A",false,false,0.0,"#N/A","#N/A","#N/A","#N/A","#N/A","#N/A","#N/A","#N/A","#N/A","#N/A",false,"#N/A","#N/A","#N/A","#N/A","#N/A",false,false,false,0.0,"#N/A","#N/A","#N/A","#N/A",0.0,false,false,1.0,"#N/A","#N/A","#N/A","#N/A",false,0.0,"#N/A","#N/A","#N/A","#N/A","#N/A",0.0,"#N/A","#N/A",false,01uDn000003Gg3jIAC,false,List,"#N/A","#N/A",One-time,1.0,0.0,0.0,1.0,594d6186-6194-4a2e-a03f-94f3cb770449,0.0,false,"#N/A","#N/A","#N/A","#N/A","#N/A","#N/A","#N/A","#N/A","#N/A",0.0,"#N/A","#N/A",List,"#N/A","#N/A","#N/A",Quote,"#N/A","#N/A",One-time,"#N/A",false,"#N/A","#N/A","#N/A","#N/A","#N/A","#N/A","#N/A","#N/A",0.0,0.0,"#N/A"
6a4c4835-78eb-4e0b-b3d3-078ef597d92e,"#N/A","#N/A",false,"#N/A","#N/A","#N/A","#N/A",false,1.0,false,false,"#N/A","#N/A",false,"#N/A","#N/A","#N/A",false,"#N/A",false,false,14.99,"#N/A",1 24-count Box of K-Cups Pods- One time,"#N/A","#N/A","#N/A","#N/A","#N/A",a2sDn0000009OOcIAM,"#N/A","#N/A",false,"#N/A","#N/A","#N/A","#N/A","#N/A",false,false,false,14.99,"#N/A","#N/A","#N/A","#N/A",14.99,false,false,2.0,"#N/A","#N/A",1.0,Component,false,14.99,"#N/A","#N/A","#N/A","#N/A","#N/A",14.99,"#N/A","#N/A",false,01uDn000003Gg4nIAC,false,List,"#N/A",4e4ef0b4-d5a7-4ee1-83d1-494a50c2fa18,Renewable,1.0,14.99,14.99,1.0,addc95de-486f-44ad-bf7f-0abe3f5849b9,14.99,false,"#N/A","#N/A",ffc19779-40a2-4d3a-b22e-c418f42e41d4,"#N/A","#N/A","#N/A","#N/A","#N/A","#N/A",14.99,"#N/A","#N/A",List,"#N/A","#N/A","#N/A",Quote,"#N/A","#N/A",Renewable,"#N/A",false,"#N/A","#N/A","#N/A","#N/A","#N/A","#N/A","#N/A","#N/A",0.0,0.0,"#N/A"
755be136-022c-45fd-936f-1419bf14bb8a,"#N/A","#N/A",false,"#N/A","#N/A","#N/A","#N/A",false,1.0,false,false,"#N/A","#N/A",false,"#N/A","#N/A","#N/A",false,"#N/A",false,false,28.43,1.0,6 Gallon Bag in Box Syrup- Recurring,"#N/A","#N/A","#N/A",15.0,"#N/A",a2sDn0000009OObIAM,"#N/A","#N/A",false,"#N/A","#N/A","#N/A","#N/A","#N/A",false,false,false,33.45,"#N/A","#N/A","#N/A","#N/A",28.43,false,false,6.0,"#N/A","#N/A",1.0,Component,false,33.45,"#N/A","#N/A","#N/A","#N/A","#N/A",28.43,"#N/A","#N/A",false,01uDn000003Gg3kIAC,false,List,"#N/A",fc4df085-6cf3-4bad-aea0-dd5d4fb71b46,Renewable,1.0,33.45,33.45,1.0,594d6186-6194-4a2e-a03f-94f3cb770449,33.45,false,"#N/A","#N/A",66af1e18-229f-4b5c-9f04-dc50672fb9dd,"#N/A","#N/A","#N/A","#N/A","#N/A","#N/A",33.45,"#N/A","#N/A",List,"#N/A","#N/A",Fixed Price,Quote,"#N/A","#N/A",Renewable,"#N/A",false,"#N/A","#N/A","#N/A","#N/A","#N/A","#N/A","#N/A","#N/A",0.0,0.0,"#N/A"
7587d74c-dcf5-44cf-90d0-cdd8a4a8ea07,"#N/A","#N/A",false,"#N/A","#N/A","#N/A","#N/A",false,1.0,false,false,"#N/A","#N/A",false,"#N/A","#N/A","#N/A",false,"#N/A",false,false,150.0,1.0,Regular cleaning &amp; preventative maintenance to keep your equipment operating optimally.- Recurring,"#N/A","#N/A","#N/A","#N/A","#N/A",a2sDn0000009OOdIAM,"#N/A","#N/A",false,"#N/A","#N/A","#N/A","#N/A","#N/A",false,false,false,150.0,"#N/A","#N/A","#N/A","#N/A",150.0,false,false,4.0,"#N/A","#N/A",1.0,Component,false,150.0,"#N/A","#N/A","#N/A","#N/A","#N/A",150.0,"#N/A","#N/A",false,01uDn000003Gg3nIAC,false,List,"#N/A",04a36532-85e8-43ec-8a30-294441cc433b,Renewable,1.0,150.0,150.0,1.0,425620f7-9270-4b00-978f-26bc5939905a,150.0,false,"#N/A","#N/A",0d5f0c58-8fa1-4bea-8e9a-e11094dbc535,"#N/A","#N/A","#N/A","#N/A","#N/A","#N/A",150.0,"#N/A","#N/A",List,"#N/A","#N/A",Fixed Price,Quote,"#N/A","#N/A",Renewable,"#N/A",false,"#N/A","#N/A","#N/A","#N/A","#N/A","#N/A","#N/A","#N/A",0.0,0.0,"#N/A"
7beda2a0-3796-4390-a125-7a95f86257ca,"#N/A","#N/A",false,"#N/A","#N/A","#N/A","#N/A",false,1.0,false,false,"#N/A","#N/A",false,"#N/A","#N/A","#N/A",false,"#N/A",false,false,33.45,1.0,6 Gallon Bag in Box Syrup- Recurring,"#N/A","#N/A","#N/A","#N/A","#N/A",a2sDn0000009OObIAM,"#N/A","#N/A",false,"#N/A","#N/A","#N/A","#N/A","#N/A",false,false,false,33.45,"#N/A","#N/A","#N/A","#N/A",33.45,false,false,2.0,"#N/A","#N/A",1.0,Component,false,33.45,"#N/A","#N/A","#N/A","#N/A","#N/A",33.45,"#N/A","#N/A",false,01uDn000003Gg3kIAC,false,List,"#N/A",fc4df085-6cf3-4bad-aea0-dd5d4fb71b46,Renewable,1.0,33.45,33.45,1.0,d8b75ee7-21db-4aff-b629-d24bcdb6f695,33.45,false,"#N/A","#N/A",13b7684c-a298-484d-a7a1-dfe15a8cd756,"#N/A","#N/A","#N/A","#N/A","#N/A","#N/A",33.45,"#N/A","#N/A",List,"#N/A","#N/A",Fixed Price,Quote,"#N/A","#N/A",Renewable,"#N/A",false,"#N/A","#N/A","#N/A","#N/A","#N/A","#N/A","#N/A","#N/A",0.0,0.0,"#N/A"
81bde228-e4ae-46d1-bbaf-92feba7537c9,"#N/A","#N/A",false,"#N/A","#N/A","#N/A","#N/A",false,1.0,false,false,"#N/A","#N/A",false,"#N/A","#N/A","#N/A",false,"#N/A",false,false,30.11,1.0,9 Gallon Bag in Box Syrup- Recurring,"#N/A","#N/A","#N/A",10.0,"#N/A",a2sDn0000009OObIAM,"#N/A","#N/A",false,"#N/A","#N/A","#N/A","#N/A","#N/A",false,false,false,33.45,"#N/A","#N/A","#N/A","#N/A",30.11,false,false,3.0,"#N/A","#N/A",1.0,Component,false,33.45,"#N/A","#N/A","#N/A","#N/A","#N/A",30.11,"#N/A","#N/A",false,01uDn000003Gg3lIAC,false,List,"#N/A",0e2ed199-365e-4c8f-9054-de0c2ec2aebc,Renewable,1.0,33.45,33.45,1.0,d8b75ee7-21db-4aff-b629-d24bcdb6f695,33.45,false,"#N/A","#N/A",13b7684c-a298-484d-a7a1-dfe15a8cd756,"#N/A","#N/A","#N/A","#N/A","#N/A","#N/A",33.45,"#N/A","#N/A",List,"#N/A","#N/A",Fixed Price,Quote,"#N/A","#N/A",Renewable,"#N/A",false,"#N/A","#N/A","#N/A","#N/A","#N/A","#N/A","#N/A","#N/A",0.0,0.0,"#N/A"
89995502-e612-4ae3-a98e-10d470c7b714,"#N/A","#N/A",false,"#N/A","#N/A","#N/A","#N/A",false,1.0,false,false,"#N/A","#N/A",false,"#N/A","#N/A","#N/A",false,"#N/A",false,false,14.99,"#N/A",1 24-count Box of K-Cups Pods- One time,"#N/A","#N/A","#N/A","#N/A","#N/A",a2sDn0000009OOcIAM,"#N/A","#N/A",false,"#N/A","#N/A","#N/A","#N/A","#N/A",false,false,false,14.99,"#N/A","#N/A","#N/A","#N/A",14.99,false,false,3.0,"#N/A","#N/A",1.0,Component,false,14.99,"#N/A","#N/A","#N/A","#N/A","#N/A",14.99,"#N/A","#N/A",false,01uDn000003Gg4mIAC,false,List,"#N/A",fcc55607-0a08-4825-8141-4ed2efaf0e7a,Renewable,1.0,14.99,14.99,1.0,69d6cf55-5194-40b6-a565-6a00ca2f72cf,14.99,false,"#N/A","#N/A",92afa23f-1d39-43d8-9b3e-83bad764a7c3,"#N/A","#N/A","#N/A","#N/A","#N/A","#N/A",14.99,"#N/A","#N/A",List,"#N/A","#N/A","#N/A",Quote,"#N/A","#N/A",Renewable,"#N/A",false,"#N/A","#N/A","#N/A","#N/A","#N/A","#N/A","#N/A","#N/A",0.0,0.0,"#N/A"
8ddff97c-976e-46a4-a371-90c88b68a34d,"#N/A","#N/A",false,"#N/A","#N/A","#N/A","#N/A",false,1.0,false,false,"#N/A","#N/A",false,"#N/A","#N/A","#N/A",false,"#N/A",false,false,39.35,"#N/A",9 Gallon Bag in Box Syrup- One time,"#N/A","#N/A","#N/A","#N/A","#N/A",a2sDn0000009OObIAM,"#N/A","#N/A",false,"#N/A","#N/A","#N/A","#N/A","#N/A",false,false,false,39.35,"#N/A","#N/A","#N/A","#N/A",39.35,false,false,6.0,"#N/A","#N/A",1.0,Component,false,39.35,"#N/A","#N/A","#N/A","#N/A","#N/A",39.35,"#N/A","#N/A",false,01uDn000003Gg4eIAC,false,List,"#N/A",90b5c8e4-abd6-4c56-acc0-70069bc777bc,One-time,1.0,39.35,39.35,1.0,28c4c44f-cd25-4977-bddf-3d5f0554c3c4,39.35,false,"#N/A","#N/A",929e3833-8abe-492b-9659-b57318248e5c,"#N/A","#N/A","#N/A","#N/A","#N/A","#N/A",39.35,"#N/A","#N/A",List,"#N/A","#N/A","#N/A",Quote,"#N/A","#N/A",One-time,"#N/A",false,"#N/A","#N/A","#N/A","#N/A","#N/A","#N/A","#N/A","#N/A",0.0,0.0,"#N/A"
929e3833-8abe-492b-9659-b57318248e5c,"#N/A","#N/A",false,"#N/A","#N/A","#N/A","#N/A",true,"#N/A",false,false,"#N/A",0.0,false,4323.1900000000005,"#N/A",4252.1900000000005,false,"#N/A",false,false,0.0,"#N/A","#N/A","#N/A","#N/A","#N/A","#N/A","#N/A","#N/A","#N/A","#N/A",false,"#N/A","#N/A","#N/A","#N/A","#N/A",false,false,false,0.0,"#N/A","#N/A","#N/A","#N/A",0.0,false,false,1.0,"#N/A","#N/A","#N/A","#N/A",false,0.0,"#N/A","#N/A","#N/A","#N/A","#N/A",0.0,"#N/A","#N/A",false,01uDn000003Gg3jIAC,false,List,"#N/A","#N/A",One-time,1.0,0.0,0.0,1.0,28c4c44f-cd25-4977-bddf-3d5f0554c3c4,0.0,false,"#N/A","#N/A","#N/A","#N/A","#N/A","#N/A","#N/A","#N/A","#N/A",0.0,"#N/A","#N/A",List,"#N/A","#N/A","#N/A",Quote,"#N/A","#N/A",One-time,"#N/A",false,"#N/A","#N/A","#N/A","#N/A","#N/A","#N/A","#N/A","#N/A",0.0,0.0,"#N/A"
92afa23f-1d39-43d8-9b3e-83bad764a7c3,"#N/A","#N/A",false,"#N/A","#N/A","#N/A","#N/A",true,"#N/A",false,false,"#N/A",0.0,false,616.34,"#N/A",607.34,false,"#N/A",false,false,0.0,"#N/A","#N/A","#N/A","#N/A","#N/A","#N/A","#N/A","#N/A","#N/A","#N/A",false,"#N/A","#N/A","#N/A","#N/A","#N/A",false,false,false,0.0,"#N/A","#N/A","#N/A","#N/A",0.0,false,false,1.0,"#N/A","#N/A","#N/A","#N/A",false,0.0,"#N/A","#N/A","#N/A","#N/A","#N/A",0.0,"#N/A","#N/A",false,01uDn000003Gg4oIAC,false,List,"#N/A","#N/A",One-time,1.0,0.0,0.0,1.0,69d6cf55-5194-40b6-a565-6a00ca2f72cf,0.0,false,"#N/A","#N/A","#N/A","#N/A","#N/A","#N/A","#N/A","#N/A","#N/A",0.0,"#N/A","#N/A",List,"#N/A","#N/A","#N/A",Quote,"#N/A","#N/A",One-time,"#N/A",false,"#N/A","#N/A","#N/A","#N/A","#N/A","#N/A","#N/A","#N/A",0.0,0.0,"#N/A"
9d2320d9-7888-4f02-97ef-0f38be37ee0e,"#N/A","#N/A",false,"#N/A","#N/A","#N/A","#N/A",false,1.0,false,false,"#N/A","#N/A",false,"#N/A","#N/A","#N/A",false,"#N/A",false,false,121.42,"#N/A",8 24-count Boxes of our best selling blends.- One time,"#N/A","#N/A","#N/A","#N/A","#N/A",a2sDn0000009OOcIAM,"#N/A","#N/A",false,"#N/A","#N/A","#N/A","#N/A","#N/A",false,false,false,121.42,"#N/A","#N/A","#N/A","#N/A",121.42,false,false,2.0,"#N/A","#N/A",1.0,Component,false,121.42,"#N/A","#N/A","#N/A","#N/A","#N/A",121.42,"#N/A","#N/A",false,01uDn000003Gg4hIAC,false,List,"#N/A",c30fb108-287b-4ce7-8dd0-7b7783cb4373,One-time,1.0,121.42,121.42,1.0,69d6cf55-5194-40b6-a565-6a00ca2f72cf,121.42,false,"#N/A","#N/A",92afa23f-1d39-43d8-9b3e-83bad764a7c3,"#N/A","#N/A","#N/A","#N/A","#N/A","#N/A",121.42,"#N/A","#N/A",List,"#N/A","#N/A","#N/A",Quote,"#N/A","#N/A",One-time,"#N/A",false,"#N/A","#N/A","#N/A","#N/A","#N/A","#N/A","#N/A","#N/A",0.0,0.0,"#N/A"
aa4b1070-e05c-4860-a99d-90b41be5b189,"#N/A","#N/A",false,"#N/A","#N/A","#N/A","#N/A",false,1.0,false,false,"#N/A","#N/A",false,"#N/A","#N/A","#N/A",false,"#N/A",false,false,14.99,"#N/A",1 24-count Box of K-Cups Pods- One time,"#N/A","#N/A","#N/A","#N/A","#N/A",a2sDn0000009OOcIAM,"#N/A","#N/A",false,"#N/A","#N/A","#N/A","#N/A","#N/A",false,false,false,14.99,"#N/A","#N/A","#N/A","#N/A",14.99,false,false,4.0,"#N/A","#N/A",1.0,Component,false,14.99,"#N/A","#N/A","#N/A","#N/A","#N/A",14.99,"#N/A","#N/A",false,01uDn000003Gg4kIAC,false,List,"#N/A",4abd6c8a-a427-4290-b691-8e8011e60359,One-time,1.0,14.99,14.99,1.0,69d6cf55-5194-40b6-a565-6a00ca2f72cf,14.99,false,"#N/A","#N/A",92afa23f-1d39-43d8-9b3e-83bad764a7c3,"#N/A","#N/A","#N/A","#N/A","#N/A","#N/A",14.99,"#N/A","#N/A",List,"#N/A","#N/A","#N/A",Quote,"#N/A","#N/A",One-time,"#N/A",false,"#N/A","#N/A","#N/A","#N/A","#N/A","#N/A","#N/A","#N/A",0.0,0.0,"#N/A"
ace1f463-4b8f-4b16-abfe-1bf766d8d252,"#N/A","#N/A",false,"#N/A","#N/A","#N/A","#N/A",false,1.0,false,false,"#N/A","#N/A",false,"#N/A","#N/A","#N/A",false,"#N/A",false,false,33.45,1.0,11 Gallon Bag in Box Syrup- Recurring,"#N/A","#N/A","#N/A","#N/A","#N/A",a2sDn0000009OObIAM,"#N/A","#N/A",false,"#N/A","#N/A","#N/A","#N/A","#N/A",false,false,false,33.45,"#N/A","#N/A","#N/A","#N/A",33.45,false,false,5.0,"#N/A","#N/A",1.0,Component,false,33.45,"#N/A","#N/A","#N/A","#N/A","#N/A",33.45,"#N/A","#N/A",false,01uDn000003Gg3mIAC,false,List,"#N/A",312247f3-9950-4fad-98a4-8299743431b1,Renewable,1.0,33.45,33.45,1.0,594d6186-6194-4a2e-a03f-94f3cb770449,33.45,false,"#N/A","#N/A",66af1e18-229f-4b5c-9f04-dc50672fb9dd,"#N/A","#N/A","#N/A","#N/A","#N/A","#N/A",33.45,"#N/A","#N/A",List,"#N/A","#N/A",Fixed Price,Quote,"#N/A","#N/A",Renewable,"#N/A",false,"#N/A","#N/A","#N/A","#N/A","#N/A","#N/A","#N/A","#N/A",0.0,0.0,"#N/A"
ae1a88a9-a0e0-47e9-820d-6551f89f24ea,"#N/A","#N/A",false,"#N/A","#N/A","#N/A","#N/A",false,1.0,false,false,"#N/A","#N/A",false,"#N/A","#N/A","#N/A",false,"#N/A",false,false,14.99,"#N/A",1 24-count Box of K-Cups Pods- One time,"#N/A","#N/A","#N/A","#N/A","#N/A",a2sDn0000009OOcIAM,"#N/A","#N/A",false,"#N/A","#N/A","#N/A","#N/A","#N/A",false,false,false,14.99,"#N/A","#N/A","#N/A","#N/A",14.99,false,false,4.0,"#N/A","#N/A",1.0,Component,false,14.99,"#N/A","#N/A","#N/A","#N/A","#N/A",14.99,"#N/A","#N/A",false,01uDn000003Gg4mIAC,false,List,"#N/A",fcc55607-0a08-4825-8141-4ed2efaf0e7a,Renewable,1.0,14.99,14.99,1.0,addc95de-486f-44ad-bf7f-0abe3f5849b9,14.99,false,"#N/A","#N/A",ffc19779-40a2-4d3a-b22e-c418f42e41d4,"#N/A","#N/A","#N/A","#N/A","#N/A","#N/A",14.99,"#N/A","#N/A",List,"#N/A","#N/A","#N/A",Quote,"#N/A","#N/A",Renewable,"#N/A",false,"#N/A","#N/A","#N/A","#N/A","#N/A","#N/A","#N/A","#N/A",0.0,0.0,"#N/A"
b5afc527-f4c0-4736-81cc-c2c1b3576eb1,"#N/A","#N/A",false,"#N/A","#N/A","#N/A","#N/A",true,"#N/A",false,false,"#N/A",0.0,false,3411.8,"#N/A",3411.8,false,"#N/A",false,false,0.0,"#N/A","#N/A","#N/A","#N/A","#N/A","#N/A","#N/A","#N/A","#N/A","#N/A",false,"#N/A","#N/A","#N/A","#N/A","#N/A",false,false,false,0.0,"#N/A","#N/A","#N/A","#N/A",0.0,false,false,7.0,"#N/A","#N/A","#N/A","#N/A",false,0.0,"#N/A","#N/A","#N/A","#N/A","#N/A",0.0,"#N/A","#N/A",false,01uDn000003Gg3jIAC,false,List,"#N/A","#N/A",One-time,1.0,0.0,0.0,1.0,d8b75ee7-21db-4aff-b629-d24bcdb6f695,0.0,false,"#N/A","#N/A","#N/A","#N/A","#N/A","#N/A","#N/A","#N/A","#N/A",0.0,"#N/A","#N/A",List,"#N/A","#N/A","#N/A",Quote,"#N/A","#N/A",One-time,"#N/A",false,"#N/A","#N/A","#N/A","#N/A","#N/A","#N/A","#N/A","#N/A",0.0,0.0,"#N/A"
b7f43b2a-d683-4583-b05d-4d5779341a69,"#N/A","#N/A",false,"#N/A","#N/A","#N/A","#N/A",false,1.0,false,false,"#N/A","#N/A",false,"#N/A","#N/A","#N/A",false,"#N/A",false,false,359.99,"#N/A",Fully programmable coffee maker with an interactive touch-screen that allows for a customizable brewing experience.<br>Includes Direct Plumb Kit Accessory,"#N/A","#N/A","#N/A","#N/A","#N/A",a2sDn0000009OOfIAM,"#N/A","#N/A",false,"#N/A","#N/A","#N/A","#N/A","#N/A",false,false,false,359.99,"#N/A","#N/A","#N/A","#N/A",359.99,false,false,7.0,"#N/A","#N/A",1.0,Component,false,359.99,"#N/A","#N/A","#N/A","#N/A","#N/A",359.99,"#N/A","#N/A",false,01uDn000003Gg4aIAC,false,List,"#N/A",8458b579-ddaf-4080-9565-d655b6d7d5f9,One-time,1.0,359.99,359.99,1.0,69d6cf55-5194-40b6-a565-6a00ca2f72cf,359.99,false,"#N/A","#N/A",92afa23f-1d39-43d8-9b3e-83bad764a7c3,"#N/A","#N/A","#N/A","#N/A","#N/A","#N/A",359.99,"#N/A","#N/A",List,"#N/A","#N/A","#N/A",Quote,"#N/A","#N/A",One-time,"#N/A",false,"#N/A","#N/A","#N/A","#N/A","#N/A","#N/A","#N/A","#N/A",0.0,0.0,"#N/A"
b9b18dd9-ef63-4d8a-b976-befbaff653f3,"#N/A","#N/A",false,"#N/A","#N/A","#N/A","#N/A",false,1.0,false,false,"#N/A","#N/A",false,"#N/A","#N/A","#N/A",false,"#N/A",false,false,248.49,"#N/A","Forces CO2 into water to create carbonation for sodas<br>No need to turn off CO2 or water to service; maintain electronics without depressurizing the tank<br>115V, 1/3 hp, 1725 RPM motor","#N/A","#N/A","#N/A",30.0,"#N/A",a2sDn0000009OOgIAM,"#N/A","#N/A",false,"#N/A","#N/A","#N/A","#N/A","#N/A",false,false,false,354.99,"#N/A","#N/A","#N/A","#N/A",248.49,false,false,5.0,"#N/A","#N/A",1.0,Component,false,354.99,"#N/A","#N/A","#N/A","#N/A","#N/A",248.49,"#N/A","#N/A",false,01uDn000003Gg4XIAS,false,List,"#N/A",d8908f58-1d7f-4cd1-8bdc-e09368f43235,One-time,1.0,354.99,354.99,1.0,425620f7-9270-4b00-978f-26bc5939905a,354.99,false,"#N/A","#N/A",0d5f0c58-8fa1-4bea-8e9a-e11094dbc535,"#N/A","#N/A","#N/A","#N/A","#N/A","#N/A",354.99,"#N/A","#N/A",List,"#N/A","#N/A","#N/A",Quote,"#N/A","#N/A",One-time,"#N/A",false,"#N/A","#N/A","#N/A","#N/A","#N/A","#N/A","#N/A","#N/A",0.0,0.0,"#N/A"
be08bc11-6928-4a20-8561-4d93aaf19d98,"#N/A","#N/A",false,"#N/A","#N/A","#N/A","#N/A",false,1.0,false,false,"#N/A","#N/A",false,"#N/A","#N/A","#N/A",false,"#N/A",false,false,39.35,"#N/A",12 Gallon Bag in Box Syrup- One time,"#N/A","#N/A","#N/A","#N/A","#N/A",a2sDn0000009OObIAM,"#N/A","#N/A",false,"#N/A","#N/A","#N/A","#N/A","#N/A",false,false,false,39.35,"#N/A","#N/A","#N/A","#N/A",39.35,false,false,3.0,"#N/A","#N/A",1.0,Component,false,39.35,"#N/A","#N/A","#N/A","#N/A","#N/A",39.35,"#N/A","#N/A",false,01uDn000003Gg3pIAC,false,List,"#N/A",c64800cb-7430-48df-be5c-d30e052d9726,One-time,1.0,39.35,39.35,1.0,28c4c44f-cd25-4977-bddf-3d5f0554c3c4,39.35,false,"#N/A","#N/A",929e3833-8abe-492b-9659-b57318248e5c,"#N/A","#N/A","#N/A","#N/A","#N/A","#N/A",39.35,"#N/A","#N/A",List,"#N/A","#N/A","#N/A",Quote,"#N/A","#N/A",One-time,"#N/A",false,"#N/A","#N/A","#N/A","#N/A","#N/A","#N/A","#N/A","#N/A",0.0,0.0,"#N/A"
c0d5c8f0-2ff3-4fd3-b035-baff2faf5230,"#N/A","#N/A",false,"#N/A","#N/A","#N/A","#N/A",false,1.0,false,false,"#N/A","#N/A",false,"#N/A","#N/A","#N/A",false,"#N/A",false,false,14.24,"#N/A",1 24-count Box of K-Cups Pods- One time,"#N/A","#N/A","#N/A",5.0,"#N/A",a2sDn0000009OOcIAM,"#N/A","#N/A",false,"#N/A","#N/A","#N/A","#N/A","#N/A",false,false,false,14.99,"#N/A","#N/A","#N/A","#N/A",14.24,false,false,2.0,"#N/A","#N/A",1.0,Component,false,14.99,"#N/A","#N/A","#N/A","#N/A","#N/A",14.24,"#N/A","#N/A",false,01uDn000003Gg4nIAC,false,List,"#N/A",4e4ef0b4-d5a7-4ee1-83d1-494a50c2fa18,Renewable,1.0,14.99,14.99,1.0,06c3b1fe-245d-427c-95cf-19835af3bed6,14.99,false,"#N/A","#N/A",e374d887-dc2c-44a6-be07-da2a95829d8c,"#N/A","#N/A","#N/A","#N/A","#N/A","#N/A",14.99,"#N/A","#N/A",List,"#N/A","#N/A","#N/A",Quote,"#N/A","#N/A",Renewable,"#N/A",false,"#N/A","#N/A","#N/A","#N/A","#N/A","#N/A","#N/A","#N/A",0.0,0.0,"#N/A"
c4e5b891-fee0-41ef-be47-543e3c3718de,"#N/A","#N/A",false,"#N/A","#N/A","#N/A","#N/A",false,1.0,false,false,"#N/A","#N/A",false,"#N/A","#N/A","#N/A",false,"#N/A",false,false,33.45,1.0,11 Gallon Bag in Box Syrup- Recurring,"#N/A","#N/A","#N/A","#N/A","#N/A",a2sDn0000009OObIAM,"#N/A","#N/A",false,"#N/A","#N/A","#N/A","#N/A","#N/A",false,false,false,33.45,"#N/A","#N/A","#N/A","#N/A",33.45,false,false,8.0,"#N/A","#N/A",1.0,Component,false,33.45,"#N/A","#N/A","#N/A","#N/A","#N/A",33.45,"#N/A","#N/A",false,01uDn000003Gg3mIAC,false,List,"#N/A",312247f3-9950-4fad-98a4-8299743431b1,Renewable,1.0,33.45,33.45,1.0,d8b75ee7-21db-4aff-b629-d24bcdb6f695,33.45,false,"#N/A","#N/A",b5afc527-f4c0-4736-81cc-c2c1b3576eb1,"#N/A","#N/A","#N/A","#N/A","#N/A","#N/A",33.45,"#N/A","#N/A",List,"#N/A","#N/A",Fixed Price,Quote,"#N/A","#N/A",Renewable,"#N/A",false,"#N/A","#N/A","#N/A","#N/A","#N/A","#N/A","#N/A","#N/A",0.0,0.0,"#N/A"
c812586a-48d1-4191-8dce-350859e030e0,"#N/A","#N/A",false,"#N/A","#N/A","#N/A","#N/A",false,1.0,false,false,"#N/A","#N/A",false,"#N/A","#N/A","#N/A",false,"#N/A",false,false,39.35,"#N/A",12 Gallon Bag in Box Syrup- One time,"#N/A","#N/A","#N/A","#N/A","#N/A",a2sDn0000009OObIAM,"#N/A","#N/A",false,"#N/A","#N/A","#N/A","#N/A","#N/A",false,false,false,39.35,"#N/A","#N/A","#N/A","#N/A",39.35,false,false,3.0,"#N/A","#N/A",1.0,Component,false,39.35,"#N/A","#N/A","#N/A","#N/A","#N/A",39.35,"#N/A","#N/A",false,01uDn000003Gg3pIAC,false,List,"#N/A",c64800cb-7430-48df-be5c-d30e052d9726,One-time,1.0,39.35,39.35,1.0,425620f7-9270-4b00-978f-26bc5939905a,39.35,false,"#N/A","#N/A",0d5f0c58-8fa1-4bea-8e9a-e11094dbc535,"#N/A","#N/A","#N/A","#N/A","#N/A","#N/A",39.35,"#N/A","#N/A",List,"#N/A","#N/A","#N/A",Quote,"#N/A","#N/A",One-time,"#N/A",false,"#N/A","#N/A","#N/A","#N/A","#N/A","#N/A","#N/A","#N/A",0.0,0.0,"#N/A"
cb745bae-cac0-424f-82d9-6d4c4cf241c6,"#N/A","#N/A",false,"#N/A","#N/A","#N/A","#N/A",false,1.0,false,false,"#N/A","#N/A",false,"#N/A","#N/A","#N/A",false,"#N/A",false,false,3189.0,"#N/A",10 Flomatic valves to dispense an assortment of beverages. <br>Ice dispenser holds 200lb of ice.,"#N/A","#N/A","#N/A","#N/A","#N/A",a2sDn0000009OOgIAM,"#N/A","#N/A",false,"#N/A","#N/A","#N/A","#N/A","#N/A",false,false,false,3189.0,"#N/A","#N/A","#N/A","#N/A",3189.0,false,false,11.0,"#N/A","#N/A",1.0,Component,false,3189.0,"#N/A","#N/A","#N/A","#N/A","#N/A",3189.0,"#N/A","#N/A",false,01uDn000003Gg3oIAC,false,List,"#N/A",18a6514a-a9cf-4906-961e-051974da3fa6,One-time,1.0,3189.0,3189.0,1.0,d8b75ee7-21db-4aff-b629-d24bcdb6f695,3189.0,false,"#N/A","#N/A",b5afc527-f4c0-4736-81cc-c2c1b3576eb1,"#N/A","#N/A","#N/A","#N/A","#N/A","#N/A",3189.0,"#N/A","#N/A",List,"#N/A","#N/A","#N/A",Quote,"#N/A","#N/A",One-time,"#N/A",false,"#N/A","#N/A","#N/A","#N/A","#N/A","#N/A","#N/A","#N/A",0.0,0.0,"#N/A"
cbe4882a-0177-4975-ad20-bf6bda75ac3e,"#N/A","#N/A",false,"#N/A","#N/A","#N/A","#N/A",false,1.0,false,false,"#N/A","#N/A",false,"#N/A","#N/A","#N/A",false,"#N/A",false,false,39.35,"#N/A",12 Gallon Bag in Box Syrup- One time,"#N/A","#N/A","#N/A","#N/A","#N/A",a2sDn0000009OObIAM,"#N/A","#N/A",false,"#N/A","#N/A","#N/A","#N/A","#N/A",false,false,false,39.35,"#N/A","#N/A","#N/A","#N/A",39.35,false,false,9.0,"#N/A","#N/A",1.0,Component,false,39.35,"#N/A","#N/A","#N/A","#N/A","#N/A",39.35,"#N/A","#N/A",false,01uDn000003Gg3pIAC,false,List,"#N/A",c64800cb-7430-48df-be5c-d30e052d9726,One-time,1.0,39.35,39.35,1.0,d8b75ee7-21db-4aff-b629-d24bcdb6f695,39.35,false,"#N/A","#N/A",b5afc527-f4c0-4736-81cc-c2c1b3576eb1,"#N/A","#N/A","#N/A","#N/A","#N/A","#N/A",39.35,"#N/A","#N/A",List,"#N/A","#N/A","#N/A",Quote,"#N/A","#N/A",One-time,"#N/A",false,"#N/A","#N/A","#N/A","#N/A","#N/A","#N/A","#N/A","#N/A",0.0,0.0,"#N/A"
cd43811e-2795-4eee-8c76-dee6770be316,"#N/A","#N/A",false,"#N/A","#N/A","#N/A","#N/A",false,1.0,false,false,"#N/A","#N/A",false,"#N/A","#N/A","#N/A",false,"#N/A",false,false,39.35,"#N/A",12 Gallon Bag in Box Syrup- One time,"#N/A","#N/A","#N/A","#N/A","#N/A",a2sDn0000009OObIAM,"#N/A","#N/A",false,"#N/A","#N/A","#N/A","#N/A","#N/A",false,false,false,39.35,"#N/A","#N/A","#N/A","#N/A",39.35,false,false,2.0,"#N/A","#N/A",1.0,Component,false,39.35,"#N/A","#N/A","#N/A","#N/A","#N/A",39.35,"#N/A","#N/A",false,01uDn000003Gg3pIAC,false,List,"#N/A",c64800cb-7430-48df-be5c-d30e052d9726,One-time,1.0,39.35,39.35,1.0,594d6186-6194-4a2e-a03f-94f3cb770449,39.35,false,"#N/A","#N/A",66af1e18-229f-4b5c-9f04-dc50672fb9dd,"#N/A","#N/A","#N/A","#N/A","#N/A","#N/A",39.35,"#N/A","#N/A",List,"#N/A","#N/A","#N/A",Quote,"#N/A","#N/A",One-time,"#N/A",false,"#N/A","#N/A","#N/A","#N/A","#N/A","#N/A","#N/A","#N/A",0.0,0.0,"#N/A"
ce84aea7-4cbb-4893-af1d-db3bc47368dc,"#N/A","#N/A",false,"#N/A","#N/A","#N/A","#N/A",false,1.0,false,false,"#N/A","#N/A",false,"#N/A","#N/A","#N/A",false,"#N/A",false,false,33.45,1.0,9 Gallon Bag in Box Syrup- Recurring,"#N/A","#N/A","#N/A","#N/A","#N/A",a2sDn0000009OObIAM,"#N/A","#N/A",false,"#N/A","#N/A","#N/A","#N/A","#N/A",false,false,false,33.45,"#N/A","#N/A","#N/A","#N/A",33.45,false,false,4.0,"#N/A","#N/A",1.0,Component,false,33.45,"#N/A","#N/A","#N/A","#N/A","#N/A",33.45,"#N/A","#N/A",false,01uDn000003Gg3lIAC,false,List,"#N/A",0e2ed199-365e-4c8f-9054-de0c2ec2aebc,Renewable,1.0,33.45,33.45,1.0,594d6186-6194-4a2e-a03f-94f3cb770449,33.45,false,"#N/A","#N/A",66af1e18-229f-4b5c-9f04-dc50672fb9dd,"#N/A","#N/A","#N/A","#N/A","#N/A","#N/A",33.45,"#N/A","#N/A",List,"#N/A","#N/A",Fixed Price,Quote,"#N/A","#N/A",Renewable,"#N/A",false,"#N/A","#N/A","#N/A","#N/A","#N/A","#N/A","#N/A","#N/A",0.0,0.0,"#N/A"
ceb5ab2c-021c-459f-9834-b66f997c72f4,"#N/A","#N/A",false,"#N/A","#N/A","#N/A","#N/A",false,1.0,false,false,"#N/A","#N/A",false,"#N/A","#N/A","#N/A",false,"#N/A",false,false,150.0,1.0,Regular cleaning &amp; preventative maintenance to keep your equipment operating optimally.- Recurring,"#N/A","#N/A","#N/A","#N/A","#N/A",a2sDn0000009OOdIAM,"#N/A","#N/A",false,"#N/A","#N/A","#N/A","#N/A","#N/A",false,false,false,150.0,"#N/A","#N/A","#N/A","#N/A",150.0,false,false,7.0,"#N/A","#N/A",1.0,Component,false,150.0,"#N/A","#N/A","#N/A","#N/A","#N/A",150.0,"#N/A","#N/A",false,01uDn000003Gg3nIAC,false,List,"#N/A",04a36532-85e8-43ec-8a30-294441cc433b,Renewable,1.0,150.0,150.0,1.0,594d6186-6194-4a2e-a03f-94f3cb770449,150.0,false,"#N/A","#N/A",66af1e18-229f-4b5c-9f04-dc50672fb9dd,"#N/A","#N/A","#N/A","#N/A","#N/A","#N/A",150.0,"#N/A","#N/A",List,"#N/A","#N/A",Fixed Price,Quote,"#N/A","#N/A",Renewable,"#N/A",false,"#N/A","#N/A","#N/A","#N/A","#N/A","#N/A","#N/A","#N/A",0.0,0.0,"#N/A"
d158d3cb-b4ac-4614-a515-3bfcfea801fe,"#N/A","#N/A",false,"#N/A","#N/A","#N/A","#N/A",false,1.0,false,false,"#N/A","#N/A",false,"#N/A","#N/A","#N/A",false,"#N/A",false,false,89.96,1.0,"K-Cycle™ bins are bundled in packs of five (5), for offices that brew 24 K-Cup® pods or more a day - 450 K-Cup® pods per bin. Single bins are not available.- Recurring<br> <br>EACH BIN INCLUDES<br>1. Pre-paid UPS return label affixed to bin<br>2. Pre-affixed bag and zip tie seal for brewed K-Cup® pod collection","#N/A","#N/A","#N/A","#N/A","#N/A",a2sDn0000009OOeIAM,"#N/A","#N/A",false,"#N/A","#N/A","#N/A","#N/A","#N/A",false,false,false,89.96,"#N/A","#N/A","#N/A","#N/A",89.96,false,false,6.0,"#N/A","#N/A",1.0,Component,false,89.96,"#N/A","#N/A","#N/A","#N/A","#N/A",89.96,"#N/A","#N/A",false,01uDn000003Gg4KIAS,false,List,"#N/A",440efdbe-55f1-451e-a1d5-cbc2e608ae59,Renewable,1.0,89.96,89.96,1.0,addc95de-486f-44ad-bf7f-0abe3f5849b9,89.96,false,"#N/A","#N/A",ffc19779-40a2-4d3a-b22e-c418f42e41d4,"#N/A","#N/A","#N/A","#N/A","#N/A","#N/A",89.96,"#N/A","#N/A",List,"#N/A","#N/A",Fixed Price,Quote,"#N/A","#N/A",Renewable,"#N/A",false,"#N/A","#N/A","#N/A","#N/A","#N/A","#N/A","#N/A","#N/A",0.0,0.0,"#N/A"
d9e53213-360d-413b-be78-f4fe2e5e6e70,"#N/A","#N/A",false,"#N/A","#N/A","#N/A","#N/A",false,1.0,false,false,"#N/A","#N/A",false,"#N/A","#N/A","#N/A",false,"#N/A",false,false,3189.0,"#N/A",10 Flomatic valves to dispense an assortment of beverages. <br>Ice dispenser holds 200lb of ice.,"#N/A","#N/A","#N/A","#N/A","#N/A",a2sDn0000009OOgIAM,"#N/A","#N/A",false,"#N/A","#N/A","#N/A","#N/A","#N/A",false,false,false,3189.0,"#N/A","#N/A","#N/A","#N/A",3189.0,false,false,9.0,"#N/A","#N/A",1.0,Component,false,3189.0,"#N/A","#N/A","#N/A","#N/A","#N/A",3189.0,"#N/A","#N/A",false,01uDn000003Gg3oIAC,false,List,"#N/A",18a6514a-a9cf-4906-961e-051974da3fa6,One-time,1.0,3189.0,3189.0,1.0,594d6186-6194-4a2e-a03f-94f3cb770449,3189.0,false,"#N/A","#N/A",66af1e18-229f-4b5c-9f04-dc50672fb9dd,"#N/A","#N/A","#N/A","#N/A","#N/A","#N/A",3189.0,"#N/A","#N/A",List,"#N/A","#N/A","#N/A",Quote,"#N/A","#N/A",One-time,"#N/A",false,"#N/A","#N/A","#N/A","#N/A","#N/A","#N/A","#N/A","#N/A",0.0,0.0,"#N/A"
e374d887-dc2c-44a6-be07-da2a95829d8c,"#N/A","#N/A",false,"#N/A","#N/A","#N/A","#N/A",true,"#N/A",false,false,"#N/A",0.0,false,598.92,"#N/A",595.92,false,"#N/A",false,false,0.0,"#N/A","#N/A","#N/A","#N/A","#N/A","#N/A","#N/A","#N/A","#N/A","#N/A",false,"#N/A","#N/A","#N/A","#N/A","#N/A",false,false,false,0.0,"#N/A","#N/A","#N/A","#N/A",0.0,false,false,1.0,"#N/A","#N/A","#N/A","#N/A",false,0.0,"#N/A","#N/A","#N/A","#N/A","#N/A",0.0,"#N/A","#N/A",false,01uDn000003Gg4oIAC,false,List,"#N/A","#N/A",One-time,1.0,0.0,0.0,1.0,06c3b1fe-245d-427c-95cf-19835af3bed6,0.0,false,"#N/A","#N/A","#N/A","#N/A","#N/A","#N/A","#N/A","#N/A","#N/A",0.0,"#N/A","#N/A",List,"#N/A","#N/A","#N/A",Quote,"#N/A","#N/A",One-time,"#N/A",false,"#N/A","#N/A","#N/A","#N/A","#N/A","#N/A","#N/A","#N/A",0.0,0.0,"#N/A"
e686304d-bb52-4c86-9968-a258578a26f8,"#N/A","#N/A",false,"#N/A","#N/A","#N/A","#N/A",false,1.0,false,false,"#N/A","#N/A",false,"#N/A","#N/A","#N/A",false,"#N/A",false,false,150.0,1.0,Regular cleaning &amp; preventative maintenance to keep your equipment operating optimally.- Recurring,"#N/A","#N/A","#N/A","#N/A","#N/A",a2sDn0000009OOdIAM,"#N/A","#N/A",false,"#N/A","#N/A","#N/A","#N/A","#N/A",false,false,false,150.0,"#N/A","#N/A","#N/A","#N/A",150.0,false,false,8.0,"#N/A","#N/A",1.0,Component,false,150.0,"#N/A","#N/A","#N/A","#N/A","#N/A",150.0,"#N/A","#N/A",false,01uDn000003Gg3nIAC,false,List,"#N/A",04a36532-85e8-43ec-8a30-294441cc433b,Renewable,1.0,150.0,150.0,1.0,28c4c44f-cd25-4977-bddf-3d5f0554c3c4,150.0,false,"#N/A","#N/A",929e3833-8abe-492b-9659-b57318248e5c,"#N/A","#N/A","#N/A","#N/A","#N/A","#N/A",150.0,"#N/A","#N/A",List,"#N/A","#N/A",Fixed Price,Quote,"#N/A","#N/A",Renewable,"#N/A",false,"#N/A","#N/A","#N/A","#N/A","#N/A","#N/A","#N/A","#N/A",0.0,0.0,"#N/A"
e85e3322-927d-456d-961a-b9ada9cc78a0,"#N/A","#N/A",false,"#N/A","#N/A","#N/A","#N/A",false,1.0,false,false,"#N/A","#N/A",false,"#N/A","#N/A","#N/A",false,"#N/A",false,false,336.75,"#N/A",A high capacity coffee maker designed for continuous use with direct water line plumbing.,"#N/A","#N/A","#N/A",25.0,"#N/A",a2sDn0000009OOfIAM,"#N/A","#N/A",false,"#N/A","#N/A","#N/A","#N/A","#N/A",false,false,false,449.0,"#N/A","#N/A","#N/A","#N/A",336.75,false,false,8.0,"#N/A","#N/A",1.0,Component,false,449.0,"#N/A","#N/A","#N/A","#N/A","#N/A",336.75,"#N/A","#N/A",false,01uDn000003Gg4bIAC,false,List,"#N/A",43f28f4b-fe58-4258-b640-e2d3bf8d72b4,One-time,1.0,449.0,449.0,1.0,addc95de-486f-44ad-bf7f-0abe3f5849b9,449.0,false,"#N/A","#N/A",ffc19779-40a2-4d3a-b22e-c418f42e41d4,"#N/A","#N/A","#N/A","#N/A","#N/A","#N/A",449.0,"#N/A","#N/A",List,"#N/A","#N/A","#N/A",Quote,"#N/A","#N/A",One-time,"#N/A",false,"#N/A","#N/A","#N/A","#N/A","#N/A","#N/A","#N/A","#N/A",0.0,0.0,"#N/A"
fa5c1a8b-17c6-47cd-807a-da2f73bdd171,"#N/A","#N/A",false,"#N/A","#N/A","#N/A","#N/A",false,1.0,false,false,"#N/A","#N/A",false,"#N/A","#N/A","#N/A",false,"#N/A",false,false,89.96,1.0,"K-Cycle™ bins are bundled in packs of five (5), for offices that brew 24 K-Cup® pods or more a day - 450 K-Cup® pods per bin. Single bins are not available.- Recurring<br> <br>EACH BIN INCLUDES<br>1. Pre-paid UPS return label affixed to bin<br>2. Pre-affixed bag and zip tie seal for brewed K-Cup® pod collection","#N/A","#N/A","#N/A","#N/A","#N/A",a2sDn0000009OOeIAM,"#N/A","#N/A",false,"#N/A","#N/A","#N/A","#N/A","#N/A",false,false,false,89.96,"#N/A","#N/A","#N/A","#N/A",89.96,false,false,6.0,"#N/A","#N/A",1.0,Component,false,89.96,"#N/A","#N/A","#N/A","#N/A","#N/A",89.96,"#N/A","#N/A",false,01uDn000003Gg4KIAS,false,List,"#N/A",440efdbe-55f1-451e-a1d5-cbc2e608ae59,Renewable,1.0,89.96,89.96,1.0,06c3b1fe-245d-427c-95cf-19835af3bed6,89.96,false,"#N/A","#N/A",e374d887-dc2c-44a6-be07-da2a95829d8c,"#N/A","#N/A","#N/A","#N/A","#N/A","#N/A",89.96,"#N/A","#N/A",List,"#N/A","#N/A",Fixed Price,Quote,"#N/A","#N/A",Renewable,"#N/A",false,"#N/A","#N/A","#N/A","#N/A","#N/A","#N/A","#N/A","#N/A",0.0,0.0,"#N/A"
fa8cb6c9-28ae-4f02-aa69-3875a19b61ef,"#N/A","#N/A",false,"#N/A","#N/A","#N/A","#N/A",false,1.0,false,false,"#N/A","#N/A",false,"#N/A","#N/A","#N/A",false,"#N/A",false,false,120.0,1.0,Regular cleaning &amp; preventative maintenance to keep your equipment operating optimally.- Recurring,"#N/A","#N/A","#N/A",20.0,"#N/A",a2sDn0000009OOdIAM,"#N/A","#N/A",false,"#N/A","#N/A","#N/A","#N/A","#N/A",false,false,false,150.0,"#N/A","#N/A","#N/A","#N/A",120.0,false,false,5.0,"#N/A","#N/A",1.0,Component,false,150.0,"#N/A","#N/A","#N/A","#N/A","#N/A",120.0,"#N/A","#N/A",false,01uDn000003Gg3nIAC,false,List,"#N/A",04a36532-85e8-43ec-8a30-294441cc433b,Renewable,1.0,150.0,150.0,1.0,d8b75ee7-21db-4aff-b629-d24bcdb6f695,150.0,false,"#N/A","#N/A",13b7684c-a298-484d-a7a1-dfe15a8cd756,"#N/A","#N/A","#N/A","#N/A","#N/A","#N/A",150.0,"#N/A","#N/A",List,"#N/A","#N/A",Fixed Price,Quote,"#N/A","#N/A",Renewable,"#N/A",false,"#N/A","#N/A","#N/A","#N/A","#N/A","#N/A","#N/A","#N/A",0.0,0.0,"#N/A"
ffc19779-40a2-4d3a-b22e-c418f42e41d4,"#N/A","#N/A",false,"#N/A","#N/A","#N/A","#N/A",true,"#N/A",false,false,"#N/A",0.0,false,834.89,"#N/A",722.64,false,"#N/A",false,false,0.0,"#N/A","#N/A","#N/A","#N/A","#N/A","#N/A","#N/A","#N/A","#N/A","#N/A",false,"#N/A","#N/A","#N/A","#N/A","#N/A",false,false,false,0.0,"#N/A","#N/A","#N/A","#N/A",0.0,false,false,1.0,"#N/A","#N/A","#N/A","#N/A",false,0.0,"#N/A","#N/A","#N/A","#N/A","#N/A",0.0,"#N/A","#N/A",false,01uDn000003Gg4oIAC,false,List,"#N/A","#N/A",One-time,1.0,0.0,0.0,1.0,addc95de-486f-44ad-bf7f-0abe3f5849b9,0.0,false,"#N/A","#N/A","#N/A","#N/A","#N/A","#N/A","#N/A","#N/A","#N/A",0.0,"#N/A","#N/A",List,"#N/A","#N/A","#N/A",Quote,"#N/A","#N/A",One-time,"#N/A",false,"#N/A","#N/A","#N/A","#N/A","#N/A","#N/A","#N/A","#N/A",0.0,0.0,"#N/A"
